<?xml version="1.0" ?>
<LOG_ROOT>
	<PROJECT NAME="cpu">
		<CBX_INST_ENTRY INSTANCE_NAME="|SingleCycleCPU|ALU:alu|lpm_mux:ShiftLeft0_rtl_168" CBX_FILE_NAME="mux_0oc.tdf"/>
		<CBX_INST_ENTRY INSTANCE_NAME="|SingleCycleCPU|LOAD:load|lpm_mux:memory_rtl_102" CBX_FILE_NAME="mux_kpc.tdf"/>
		<CBX_INST_ENTRY INSTANCE_NAME="|SingleCycleCPU|dataMemory:datamemory|lpm_mux:memory_rtl_67" CBX_FILE_NAME="mux_kpc.tdf"/>
		<CBX_INST_ENTRY INSTANCE_NAME="|SingleCycleCPU|registerFile:registerfile|lpm_mux:register_rtl_49" CBX_FILE_NAME="mux_kpc.tdf"/>
		<CBX_INST_ENTRY INSTANCE_NAME="|SingleCycleCPU|ALU:alu|lpm_mux:ShiftLeft0_rtl_169" CBX_FILE_NAME="mux_0oc.tdf"/>
		<CBX_INST_ENTRY INSTANCE_NAME="|SingleCycleCPU|LOAD:load|lpm_mux:memory_rtl_103" CBX_FILE_NAME="mux_kpc.tdf"/>
		<CBX_INST_ENTRY INSTANCE_NAME="|SingleCycleCPU|dataMemory:datamemory|lpm_mux:memory_rtl_68" CBX_FILE_NAME="mux_kpc.tdf"/>
		<CBX_INST_ENTRY INSTANCE_NAME="|SingleCycleCPU|LOAD:load|lpm_mux:memory_rtl_104" CBX_FILE_NAME="mux_kpc.tdf"/>
		<CBX_INST_ENTRY INSTANCE_NAME="|SingleCycleCPU|dataMemory:datamemory|lpm_mux:memory_rtl_69" CBX_FILE_NAME="mux_kpc.tdf"/>
		<CBX_INST_ENTRY INSTANCE_NAME="|SingleCycleCPU|LOAD:load|lpm_mux:memory_rtl_105" CBX_FILE_NAME="mux_kpc.tdf"/>
		<CBX_INST_ENTRY INSTANCE_NAME="|SingleCycleCPU|LOAD:load|lpm_mux:memory_rtl_106" CBX_FILE_NAME="mux_kpc.tdf"/>
		<CBX_INST_ENTRY INSTANCE_NAME="|SingleCycleCPU|registerFile:registerfile|lpm_mux:register_rtl_10" CBX_FILE_NAME="mux_kpc.tdf"/>
		<CBX_INST_ENTRY INSTANCE_NAME="|SingleCycleCPU|ALU:alu|lpm_mux:ShiftLeft0_rtl_130" CBX_FILE_NAME="mux_0oc.tdf"/>
		<CBX_INST_ENTRY INSTANCE_NAME="|SingleCycleCPU|LOAD:load|lpm_mux:memory_rtl_107" CBX_FILE_NAME="mux_kpc.tdf"/>
		<CBX_INST_ENTRY INSTANCE_NAME="|SingleCycleCPU|registerFile:registerfile|lpm_mux:register_rtl_11" CBX_FILE_NAME="mux_kpc.tdf"/>
		<CBX_INST_ENTRY INSTANCE_NAME="|SingleCycleCPU|ALU:alu|lpm_mux:ShiftLeft0_rtl_131" CBX_FILE_NAME="mux_0oc.tdf"/>
		<CBX_INST_ENTRY INSTANCE_NAME="|SingleCycleCPU|LOAD:load|lpm_mux:memory_rtl_108" CBX_FILE_NAME="mux_kpc.tdf"/>
		<CBX_INST_ENTRY INSTANCE_NAME="|SingleCycleCPU|instructionMemory:ins|lpm_mux:Mux30" CBX_FILE_NAME="mux_lpc.tdf"/>
		<CBX_INST_ENTRY INSTANCE_NAME="|SingleCycleCPU|registerFile:registerfile|lpm_mux:register_rtl_12" CBX_FILE_NAME="mux_kpc.tdf"/>
		<CBX_INST_ENTRY INSTANCE_NAME="|SingleCycleCPU|ALU:alu|lpm_mux:ShiftLeft0_rtl_132" CBX_FILE_NAME="mux_0oc.tdf"/>
		<CBX_INST_ENTRY INSTANCE_NAME="|SingleCycleCPU|LOAD:load|lpm_mux:memory_rtl_109" CBX_FILE_NAME="mux_kpc.tdf"/>
		<CBX_INST_ENTRY INSTANCE_NAME="|SingleCycleCPU|instructionMemory:ins|lpm_mux:Mux31" CBX_FILE_NAME="mux_lpc.tdf"/>
		<CBX_INST_ENTRY INSTANCE_NAME="|SingleCycleCPU|registerFile:registerfile|lpm_mux:register_rtl_13" CBX_FILE_NAME="mux_kpc.tdf"/>
		<CBX_INST_ENTRY INSTANCE_NAME="|SingleCycleCPU|ALU:alu|lpm_mux:ShiftLeft0_rtl_133" CBX_FILE_NAME="mux_0oc.tdf"/>
		<CBX_INST_ENTRY INSTANCE_NAME="|SingleCycleCPU|instructionMemory:ins|lpm_mux:Mux32" CBX_FILE_NAME="mux_lpc.tdf"/>
		<CBX_INST_ENTRY INSTANCE_NAME="|SingleCycleCPU|registerFile:registerfile|lpm_mux:register_rtl_14" CBX_FILE_NAME="mux_kpc.tdf"/>
		<CBX_INST_ENTRY INSTANCE_NAME="|SingleCycleCPU|registerFile:registerfile|lpm_mux:register_rtl_50" CBX_FILE_NAME="mux_kpc.tdf"/>
		<CBX_INST_ENTRY INSTANCE_NAME="|SingleCycleCPU|ALU:alu|lpm_mux:ShiftLeft0_rtl_134" CBX_FILE_NAME="mux_0oc.tdf"/>
		<CBX_INST_ENTRY INSTANCE_NAME="|SingleCycleCPU|ALU:alu|lpm_mux:ShiftLeft0_rtl_170" CBX_FILE_NAME="mux_0oc.tdf"/>
		<CBX_INST_ENTRY INSTANCE_NAME="|SingleCycleCPU|instructionMemory:ins|lpm_mux:Mux33" CBX_FILE_NAME="mux_lpc.tdf"/>
		<CBX_INST_ENTRY INSTANCE_NAME="|SingleCycleCPU|registerFile:registerfile|lpm_mux:register_rtl_15" CBX_FILE_NAME="mux_kpc.tdf"/>
		<CBX_INST_ENTRY INSTANCE_NAME="|SingleCycleCPU|registerFile:registerfile|lpm_mux:register_rtl_51" CBX_FILE_NAME="mux_kpc.tdf"/>
		<CBX_INST_ENTRY INSTANCE_NAME="|SingleCycleCPU|ALU:alu|lpm_mux:ShiftLeft0_rtl_135" CBX_FILE_NAME="mux_0oc.tdf"/>
		<CBX_INST_ENTRY INSTANCE_NAME="|SingleCycleCPU|ALU:alu|lpm_mux:ShiftLeft0_rtl_171" CBX_FILE_NAME="mux_0oc.tdf"/>
		<CBX_INST_ENTRY INSTANCE_NAME="|SingleCycleCPU|dataMemory:datamemory|lpm_mux:memory_rtl_70" CBX_FILE_NAME="mux_kpc.tdf"/>
		<CBX_INST_ENTRY INSTANCE_NAME="|SingleCycleCPU|instructionMemory:ins|lpm_mux:Mux34" CBX_FILE_NAME="mux_lpc.tdf"/>
		<CBX_INST_ENTRY INSTANCE_NAME="|SingleCycleCPU|registerFile:registerfile|lpm_mux:register_rtl_16" CBX_FILE_NAME="mux_kpc.tdf"/>
		<CBX_INST_ENTRY INSTANCE_NAME="|SingleCycleCPU|registerFile:registerfile|lpm_mux:register_rtl_52" CBX_FILE_NAME="mux_kpc.tdf"/>
		<CBX_INST_ENTRY INSTANCE_NAME="|SingleCycleCPU|ALU:alu|lpm_mux:ShiftLeft0_rtl_136" CBX_FILE_NAME="mux_0oc.tdf"/>
		<CBX_INST_ENTRY INSTANCE_NAME="|SingleCycleCPU|ALU:alu|lpm_mux:ShiftLeft0_rtl_172" CBX_FILE_NAME="mux_0oc.tdf"/>
		<CBX_INST_ENTRY INSTANCE_NAME="|SingleCycleCPU|dataMemory:datamemory|lpm_mux:memory_rtl_71" CBX_FILE_NAME="mux_kpc.tdf"/>
		<CBX_INST_ENTRY INSTANCE_NAME="|SingleCycleCPU|instructionMemory:ins|lpm_mux:Mux35" CBX_FILE_NAME="mux_lpc.tdf"/>
		<CBX_INST_ENTRY INSTANCE_NAME="|SingleCycleCPU|registerFile:registerfile|lpm_mux:register_rtl_17" CBX_FILE_NAME="mux_kpc.tdf"/>
		<CBX_INST_ENTRY INSTANCE_NAME="|SingleCycleCPU|registerFile:registerfile|lpm_mux:register_rtl_53" CBX_FILE_NAME="mux_kpc.tdf"/>
		<CBX_INST_ENTRY INSTANCE_NAME="|SingleCycleCPU|ALU:alu|lpm_mux:ShiftLeft0_rtl_137" CBX_FILE_NAME="mux_0oc.tdf"/>
		<CBX_INST_ENTRY INSTANCE_NAME="|SingleCycleCPU|ALU:alu|lpm_mux:ShiftLeft0_rtl_173" CBX_FILE_NAME="mux_0oc.tdf"/>
		<CBX_INST_ENTRY INSTANCE_NAME="|SingleCycleCPU|dataMemory:datamemory|lpm_mux:memory_rtl_72" CBX_FILE_NAME="mux_kpc.tdf"/>
		<CBX_INST_ENTRY INSTANCE_NAME="|SingleCycleCPU|instructionMemory:ins|lpm_mux:Mux36" CBX_FILE_NAME="mux_lpc.tdf"/>
		<CBX_INST_ENTRY INSTANCE_NAME="|SingleCycleCPU|registerFile:registerfile|lpm_mux:register_rtl_18" CBX_FILE_NAME="mux_kpc.tdf"/>
		<CBX_INST_ENTRY INSTANCE_NAME="|SingleCycleCPU|registerFile:registerfile|lpm_mux:register_rtl_54" CBX_FILE_NAME="mux_kpc.tdf"/>
		<CBX_INST_ENTRY INSTANCE_NAME="|SingleCycleCPU|ALU:alu|lpm_mux:ShiftLeft0_rtl_138" CBX_FILE_NAME="mux_0oc.tdf"/>
		<CBX_INST_ENTRY INSTANCE_NAME="|SingleCycleCPU|ALU:alu|lpm_mux:ShiftLeft0_rtl_174" CBX_FILE_NAME="mux_0oc.tdf"/>
		<CBX_INST_ENTRY INSTANCE_NAME="|SingleCycleCPU|dataMemory:datamemory|lpm_mux:memory_rtl_73" CBX_FILE_NAME="mux_kpc.tdf"/>
		<CBX_INST_ENTRY INSTANCE_NAME="|SingleCycleCPU|instructionMemory:ins|lpm_mux:Mux37" CBX_FILE_NAME="mux_lpc.tdf"/>
		<CBX_INST_ENTRY INSTANCE_NAME="|SingleCycleCPU|registerFile:registerfile|lpm_mux:register_rtl_19" CBX_FILE_NAME="mux_kpc.tdf"/>
		<CBX_INST_ENTRY INSTANCE_NAME="|SingleCycleCPU|registerFile:registerfile|lpm_mux:register_rtl_55" CBX_FILE_NAME="mux_kpc.tdf"/>
		<CBX_INST_ENTRY INSTANCE_NAME="|SingleCycleCPU|ALU:alu|lpm_mux:ShiftLeft0_rtl_139" CBX_FILE_NAME="mux_0oc.tdf"/>
		<CBX_INST_ENTRY INSTANCE_NAME="|SingleCycleCPU|ALU:alu|lpm_mux:ShiftLeft0_rtl_175" CBX_FILE_NAME="mux_0oc.tdf"/>
		<CBX_INST_ENTRY INSTANCE_NAME="|SingleCycleCPU|dataMemory:datamemory|lpm_mux:memory_rtl_74" CBX_FILE_NAME="mux_kpc.tdf"/>
		<CBX_INST_ENTRY INSTANCE_NAME="|SingleCycleCPU|instructionMemory:ins|lpm_mux:Mux38" CBX_FILE_NAME="mux_lpc.tdf"/>
		<CBX_INST_ENTRY INSTANCE_NAME="|SingleCycleCPU|registerFile:registerfile|lpm_mux:register_rtl_56" CBX_FILE_NAME="mux_kpc.tdf"/>
		<CBX_INST_ENTRY INSTANCE_NAME="|SingleCycleCPU|ALU:alu|lpm_mux:ShiftLeft0_rtl_176" CBX_FILE_NAME="mux_0oc.tdf"/>
		<CBX_INST_ENTRY INSTANCE_NAME="|SingleCycleCPU|LOAD:load|lpm_mux:memory_rtl_110" CBX_FILE_NAME="mux_kpc.tdf"/>
		<CBX_INST_ENTRY INSTANCE_NAME="|SingleCycleCPU|dataMemory:datamemory|lpm_mux:memory_rtl_75" CBX_FILE_NAME="mux_kpc.tdf"/>
		<CBX_INST_ENTRY INSTANCE_NAME="|SingleCycleCPU|instructionMemory:ins|lpm_mux:Mux39" CBX_FILE_NAME="mux_lpc.tdf"/>
		<CBX_INST_ENTRY INSTANCE_NAME="|SingleCycleCPU|registerFile:registerfile|lpm_mux:register_rtl_57" CBX_FILE_NAME="mux_kpc.tdf"/>
		<CBX_INST_ENTRY INSTANCE_NAME="|SingleCycleCPU|LOAD:load|lpm_mux:memory_rtl_111" CBX_FILE_NAME="mux_kpc.tdf"/>
		<CBX_INST_ENTRY INSTANCE_NAME="|SingleCycleCPU|dataMemory:datamemory|lpm_mux:memory_rtl_76" CBX_FILE_NAME="mux_kpc.tdf"/>
		<CBX_INST_ENTRY INSTANCE_NAME="|SingleCycleCPU|registerFile:registerfile|lpm_mux:register_rtl_58" CBX_FILE_NAME="mux_kpc.tdf"/>
		<CBX_INST_ENTRY INSTANCE_NAME="|SingleCycleCPU|dataMemory:datamemory|lpm_mux:memory_rtl_77" CBX_FILE_NAME="mux_kpc.tdf"/>
		<CBX_INST_ENTRY INSTANCE_NAME="|SingleCycleCPU|registerFile:registerfile|lpm_mux:register_rtl_59" CBX_FILE_NAME="mux_kpc.tdf"/>
		<CBX_INST_ENTRY INSTANCE_NAME="|SingleCycleCPU|dataMemory:datamemory|lpm_mux:memory_rtl_78" CBX_FILE_NAME="mux_kpc.tdf"/>
		<CBX_INST_ENTRY INSTANCE_NAME="|SingleCycleCPU|dataMemory:datamemory|lpm_mux:memory_rtl_79" CBX_FILE_NAME="mux_kpc.tdf"/>
		<CBX_INST_ENTRY INSTANCE_NAME="|SingleCycleCPU|registerFile:registerfile|lpm_mux:register_rtl_0" CBX_FILE_NAME="mux_kpc.tdf"/>
		<CBX_INST_ENTRY INSTANCE_NAME="|SingleCycleCPU|registerFile:registerfile|lpm_mux:register_rtl_1" CBX_FILE_NAME="mux_kpc.tdf"/>
		<CBX_INST_ENTRY INSTANCE_NAME="|SingleCycleCPU|registerFile:registerfile|lpm_mux:register_rtl_2" CBX_FILE_NAME="mux_kpc.tdf"/>
		<CBX_INST_ENTRY INSTANCE_NAME="|SingleCycleCPU|registerFile:registerfile|lpm_mux:register_rtl_20" CBX_FILE_NAME="mux_kpc.tdf"/>
		<CBX_INST_ENTRY INSTANCE_NAME="|SingleCycleCPU|ALU:alu|lpm_mux:ShiftLeft0_rtl_140" CBX_FILE_NAME="mux_0oc.tdf"/>
		<CBX_INST_ENTRY INSTANCE_NAME="|SingleCycleCPU|registerFile:registerfile|lpm_mux:register_rtl_21" CBX_FILE_NAME="mux_kpc.tdf"/>
		<CBX_INST_ENTRY INSTANCE_NAME="|SingleCycleCPU|registerFile:registerfile|lpm_mux:register_rtl_3" CBX_FILE_NAME="mux_kpc.tdf"/>
		<CBX_INST_ENTRY INSTANCE_NAME="|SingleCycleCPU|ALU:alu|lpm_mux:ShiftLeft0_rtl_141" CBX_FILE_NAME="mux_0oc.tdf"/>
		<CBX_INST_ENTRY INSTANCE_NAME="|SingleCycleCPU|instructionMemory:ins|lpm_mux:Mux40" CBX_FILE_NAME="mux_lpc.tdf"/>
		<CBX_INST_ENTRY INSTANCE_NAME="|SingleCycleCPU|registerFile:registerfile|lpm_mux:register_rtl_22" CBX_FILE_NAME="mux_kpc.tdf"/>
		<CBX_INST_ENTRY INSTANCE_NAME="|SingleCycleCPU|registerFile:registerfile|lpm_mux:register_rtl_4" CBX_FILE_NAME="mux_kpc.tdf"/>
		<CBX_INST_ENTRY INSTANCE_NAME="|SingleCycleCPU|ALU:alu|lpm_mux:ShiftLeft0_rtl_142" CBX_FILE_NAME="mux_0oc.tdf"/>
		<CBX_INST_ENTRY INSTANCE_NAME="|SingleCycleCPU|instructionMemory:ins|lpm_mux:Mux41" CBX_FILE_NAME="mux_lpc.tdf"/>
		<CBX_INST_ENTRY INSTANCE_NAME="|SingleCycleCPU|registerFile:registerfile|lpm_mux:register_rtl_23" CBX_FILE_NAME="mux_kpc.tdf"/>
		<CBX_INST_ENTRY INSTANCE_NAME="|SingleCycleCPU|registerFile:registerfile|lpm_mux:register_rtl_5" CBX_FILE_NAME="mux_kpc.tdf"/>
		<CBX_INST_ENTRY INSTANCE_NAME="|SingleCycleCPU|ALU:alu|lpm_mux:ShiftLeft0_rtl_143" CBX_FILE_NAME="mux_0oc.tdf"/>
		<CBX_INST_ENTRY INSTANCE_NAME="|SingleCycleCPU|instructionMemory:ins|lpm_mux:Mux42" CBX_FILE_NAME="mux_lpc.tdf"/>
		<CBX_INST_ENTRY INSTANCE_NAME="|SingleCycleCPU|registerFile:registerfile|lpm_mux:register_rtl_24" CBX_FILE_NAME="mux_kpc.tdf"/>
		<CBX_INST_ENTRY INSTANCE_NAME="|SingleCycleCPU|registerFile:registerfile|lpm_mux:register_rtl_6" CBX_FILE_NAME="mux_kpc.tdf"/>
		<CBX_INST_ENTRY INSTANCE_NAME="|SingleCycleCPU|registerFile:registerfile|lpm_mux:register_rtl_60" CBX_FILE_NAME="mux_kpc.tdf"/>
		<CBX_INST_ENTRY INSTANCE_NAME="|SingleCycleCPU|ALU:alu|lpm_mux:ShiftLeft0_rtl_144" CBX_FILE_NAME="mux_0oc.tdf"/>
		<CBX_INST_ENTRY INSTANCE_NAME="|SingleCycleCPU|instructionMemory:ins|lpm_mux:Mux43" CBX_FILE_NAME="mux_lpc.tdf"/>
		<CBX_INST_ENTRY INSTANCE_NAME="|SingleCycleCPU|registerFile:registerfile|lpm_mux:register_rtl_25" CBX_FILE_NAME="mux_kpc.tdf"/>
		<CBX_INST_ENTRY INSTANCE_NAME="|SingleCycleCPU|registerFile:registerfile|lpm_mux:register_rtl_61" CBX_FILE_NAME="mux_kpc.tdf"/>
		<CBX_INST_ENTRY INSTANCE_NAME="|SingleCycleCPU|registerFile:registerfile|lpm_mux:register_rtl_7" CBX_FILE_NAME="mux_kpc.tdf"/>
		<CBX_INST_ENTRY INSTANCE_NAME="|SingleCycleCPU|ALU:alu|lpm_mux:ShiftLeft0_rtl_145" CBX_FILE_NAME="mux_0oc.tdf"/>
		<CBX_INST_ENTRY INSTANCE_NAME="|SingleCycleCPU|dataMemory:datamemory|lpm_mux:memory_rtl_80" CBX_FILE_NAME="mux_kpc.tdf"/>
		<CBX_INST_ENTRY INSTANCE_NAME="|SingleCycleCPU|instructionMemory:ins|lpm_mux:Mux44" CBX_FILE_NAME="mux_lpc.tdf"/>
		<CBX_INST_ENTRY INSTANCE_NAME="|SingleCycleCPU|registerFile:registerfile|lpm_mux:register_rtl_26" CBX_FILE_NAME="mux_kpc.tdf"/>
		<CBX_INST_ENTRY INSTANCE_NAME="|SingleCycleCPU|registerFile:registerfile|lpm_mux:register_rtl_62" CBX_FILE_NAME="mux_kpc.tdf"/>
		<CBX_INST_ENTRY INSTANCE_NAME="|SingleCycleCPU|registerFile:registerfile|lpm_mux:register_rtl_8" CBX_FILE_NAME="mux_kpc.tdf"/>
		<CBX_INST_ENTRY INSTANCE_NAME="|SingleCycleCPU|ALU:alu|lpm_mux:ShiftLeft0_rtl_128" CBX_FILE_NAME="mux_0oc.tdf"/>
		<CBX_INST_ENTRY INSTANCE_NAME="|SingleCycleCPU|ALU:alu|lpm_mux:ShiftLeft0_rtl_146" CBX_FILE_NAME="mux_0oc.tdf"/>
		<CBX_INST_ENTRY INSTANCE_NAME="|SingleCycleCPU|ALU:alu|lpm_mux:ShiftLeft0_rtl_164" CBX_FILE_NAME="mux_0oc.tdf"/>
		<CBX_INST_ENTRY INSTANCE_NAME="|SingleCycleCPU|LOAD:load|lpm_mux:memory_rtl_96" CBX_FILE_NAME="mux_kpc.tdf"/>
		<CBX_INST_ENTRY INSTANCE_NAME="|SingleCycleCPU|dataMemory:datamemory|lpm_mux:memory_rtl_81" CBX_FILE_NAME="mux_kpc.tdf"/>
		<CBX_INST_ENTRY INSTANCE_NAME="|SingleCycleCPU|instructionMemory:ins|lpm_mux:Mux27" CBX_FILE_NAME="mux_lpc.tdf"/>
		<CBX_INST_ENTRY INSTANCE_NAME="|SingleCycleCPU|instructionMemory:ins|lpm_mux:Mux45" CBX_FILE_NAME="mux_lpc.tdf"/>
		<CBX_INST_ENTRY INSTANCE_NAME="|SingleCycleCPU|instructionMemory:ins|lpm_mux:Mux9" CBX_FILE_NAME="mux_lpc.tdf"/>
		<CBX_INST_ENTRY INSTANCE_NAME="|SingleCycleCPU|registerFile:registerfile|lpm_mux:register_rtl_27" CBX_FILE_NAME="mux_kpc.tdf"/>
		<CBX_INST_ENTRY INSTANCE_NAME="|SingleCycleCPU|registerFile:registerfile|lpm_mux:register_rtl_45" CBX_FILE_NAME="mux_kpc.tdf"/>
		<CBX_INST_ENTRY INSTANCE_NAME="|SingleCycleCPU|registerFile:registerfile|lpm_mux:register_rtl_63" CBX_FILE_NAME="mux_kpc.tdf"/>
		<CBX_INST_ENTRY INSTANCE_NAME="|SingleCycleCPU|registerFile:registerfile|lpm_mux:register_rtl_9" CBX_FILE_NAME="mux_kpc.tdf"/>
		<CBX_INST_ENTRY INSTANCE_NAME="|SingleCycleCPU|ALU:alu|lpm_mux:ShiftLeft0_rtl_129" CBX_FILE_NAME="mux_0oc.tdf"/>
		<CBX_INST_ENTRY INSTANCE_NAME="|SingleCycleCPU|ALU:alu|lpm_mux:ShiftLeft0_rtl_147" CBX_FILE_NAME="mux_0oc.tdf"/>
		<CBX_INST_ENTRY INSTANCE_NAME="|SingleCycleCPU|ALU:alu|lpm_mux:ShiftLeft0_rtl_165" CBX_FILE_NAME="mux_0oc.tdf"/>
		<CBX_INST_ENTRY INSTANCE_NAME="|SingleCycleCPU|LOAD:load|lpm_mux:memory_rtl_97" CBX_FILE_NAME="mux_kpc.tdf"/>
		<CBX_INST_ENTRY INSTANCE_NAME="|SingleCycleCPU|dataMemory:datamemory|lpm_mux:memory_rtl_64" CBX_FILE_NAME="mux_kpc.tdf"/>
		<CBX_INST_ENTRY INSTANCE_NAME="|SingleCycleCPU|dataMemory:datamemory|lpm_mux:memory_rtl_82" CBX_FILE_NAME="mux_kpc.tdf"/>
		<CBX_INST_ENTRY INSTANCE_NAME="|SingleCycleCPU|instructionMemory:ins|lpm_mux:Mux28" CBX_FILE_NAME="mux_lpc.tdf"/>
		<CBX_INST_ENTRY INSTANCE_NAME="|SingleCycleCPU|instructionMemory:ins|lpm_mux:Mux46" CBX_FILE_NAME="mux_lpc.tdf"/>
		<CBX_INST_ENTRY INSTANCE_NAME="|SingleCycleCPU|registerFile:registerfile|lpm_mux:register_rtl_28" CBX_FILE_NAME="mux_kpc.tdf"/>
		<CBX_INST_ENTRY INSTANCE_NAME="|SingleCycleCPU|registerFile:registerfile|lpm_mux:register_rtl_46" CBX_FILE_NAME="mux_kpc.tdf"/>
		<CBX_INST_ENTRY INSTANCE_NAME="|SingleCycleCPU|ALU:alu|lpm_mux:ShiftLeft0_rtl_148" CBX_FILE_NAME="mux_0oc.tdf"/>
		<CBX_INST_ENTRY INSTANCE_NAME="|SingleCycleCPU|ALU:alu|lpm_mux:ShiftLeft0_rtl_166" CBX_FILE_NAME="mux_0oc.tdf"/>
		<CBX_INST_ENTRY INSTANCE_NAME="|SingleCycleCPU|LOAD:load|lpm_mux:memory_rtl_100" CBX_FILE_NAME="mux_kpc.tdf"/>
		<CBX_INST_ENTRY INSTANCE_NAME="|SingleCycleCPU|LOAD:load|lpm_mux:memory_rtl_98" CBX_FILE_NAME="mux_kpc.tdf"/>
		<CBX_INST_ENTRY INSTANCE_NAME="|SingleCycleCPU|dataMemory:datamemory|lpm_mux:memory_rtl_65" CBX_FILE_NAME="mux_kpc.tdf"/>
		<CBX_INST_ENTRY INSTANCE_NAME="|SingleCycleCPU|dataMemory:datamemory|lpm_mux:memory_rtl_83" CBX_FILE_NAME="mux_kpc.tdf"/>
		<CBX_INST_ENTRY INSTANCE_NAME="|SingleCycleCPU|instructionMemory:ins|lpm_mux:Mux29" CBX_FILE_NAME="mux_lpc.tdf"/>
		<CBX_INST_ENTRY INSTANCE_NAME="|SingleCycleCPU|instructionMemory:ins|lpm_mux:Mux47" CBX_FILE_NAME="mux_lpc.tdf"/>
		<CBX_INST_ENTRY INSTANCE_NAME="|SingleCycleCPU|registerFile:registerfile|lpm_mux:register_rtl_29" CBX_FILE_NAME="mux_kpc.tdf"/>
		<CBX_INST_ENTRY INSTANCE_NAME="|SingleCycleCPU|registerFile:registerfile|lpm_mux:register_rtl_47" CBX_FILE_NAME="mux_kpc.tdf"/>
		<CBX_INST_ENTRY INSTANCE_NAME="|SingleCycleCPU|ALU:alu|lpm_mux:ShiftLeft0_rtl_149" CBX_FILE_NAME="mux_0oc.tdf"/>
		<CBX_INST_ENTRY INSTANCE_NAME="|SingleCycleCPU|ALU:alu|lpm_mux:ShiftLeft0_rtl_167" CBX_FILE_NAME="mux_0oc.tdf"/>
		<CBX_INST_ENTRY INSTANCE_NAME="|SingleCycleCPU|LOAD:load|lpm_mux:memory_rtl_101" CBX_FILE_NAME="mux_kpc.tdf"/>
		<CBX_INST_ENTRY INSTANCE_NAME="|SingleCycleCPU|LOAD:load|lpm_mux:memory_rtl_99" CBX_FILE_NAME="mux_kpc.tdf"/>
		<CBX_INST_ENTRY INSTANCE_NAME="|SingleCycleCPU|dataMemory:datamemory|lpm_mux:memory_rtl_66" CBX_FILE_NAME="mux_kpc.tdf"/>
		<CBX_INST_ENTRY INSTANCE_NAME="|SingleCycleCPU|dataMemory:datamemory|lpm_mux:memory_rtl_84" CBX_FILE_NAME="mux_kpc.tdf"/>
		<CBX_INST_ENTRY INSTANCE_NAME="|SingleCycleCPU|instructionMemory:ins|lpm_mux:Mux48" CBX_FILE_NAME="mux_lpc.tdf"/>
		<CBX_INST_ENTRY INSTANCE_NAME="|SingleCycleCPU|registerFile:registerfile|lpm_mux:register_rtl_48" CBX_FILE_NAME="mux_kpc.tdf"/>
		<CBX_INST_ENTRY INSTANCE_NAME="|SingleCycleCPU|dataMemory:datamemory|lpm_mux:memory_rtl_85" CBX_FILE_NAME="mux_kpc.tdf"/>
		<CBX_INST_ENTRY INSTANCE_NAME="|SingleCycleCPU|instructionMemory:ins|lpm_mux:Mux49" CBX_FILE_NAME="mux_lpc.tdf"/>
		<CBX_INST_ENTRY INSTANCE_NAME="|SingleCycleCPU|dataMemory:datamemory|lpm_mux:memory_rtl_86" CBX_FILE_NAME="mux_kpc.tdf"/>
		<CBX_INST_ENTRY INSTANCE_NAME="|SingleCycleCPU|dataMemory:datamemory|lpm_mux:memory_rtl_87" CBX_FILE_NAME="mux_kpc.tdf"/>
		<CBX_INST_ENTRY INSTANCE_NAME="|SingleCycleCPU|dataMemory:datamemory|lpm_mux:memory_rtl_88" CBX_FILE_NAME="mux_kpc.tdf"/>
		<CBX_INST_ENTRY INSTANCE_NAME="|SingleCycleCPU|dataMemory:datamemory|lpm_mux:memory_rtl_89" CBX_FILE_NAME="mux_kpc.tdf"/>
		<CBX_INST_ENTRY INSTANCE_NAME="|SingleCycleCPU|instructionMemory:ins|lpm_mux:Mux10" CBX_FILE_NAME="mux_lpc.tdf"/>
		<CBX_INST_ENTRY INSTANCE_NAME="|SingleCycleCPU|ALU:alu|lpm_mux:ShiftLeft0_rtl_112" CBX_FILE_NAME="mux_0oc.tdf"/>
		<CBX_INST_ENTRY INSTANCE_NAME="|SingleCycleCPU|instructionMemory:ins|lpm_mux:Mux11" CBX_FILE_NAME="mux_lpc.tdf"/>
		<CBX_INST_ENTRY INSTANCE_NAME="|SingleCycleCPU|ALU:alu|lpm_mux:ShiftLeft0_rtl_113" CBX_FILE_NAME="mux_0oc.tdf"/>
		<CBX_INST_ENTRY INSTANCE_NAME="|SingleCycleCPU|instructionMemory:ins|lpm_mux:Mux12" CBX_FILE_NAME="mux_lpc.tdf"/>
		<CBX_INST_ENTRY INSTANCE_NAME="|SingleCycleCPU|registerFile:registerfile|lpm_mux:register_rtl_30" CBX_FILE_NAME="mux_kpc.tdf"/>
		<CBX_INST_ENTRY INSTANCE_NAME="|SingleCycleCPU|ALU:alu|lpm_mux:ShiftLeft0_rtl_114" CBX_FILE_NAME="mux_a4d.tdf"/>
		<CBX_INST_ENTRY INSTANCE_NAME="|SingleCycleCPU|ALU:alu|lpm_mux:ShiftLeft0_rtl_150" CBX_FILE_NAME="mux_0oc.tdf"/>
		<CBX_INST_ENTRY INSTANCE_NAME="|SingleCycleCPU|instructionMemory:ins|lpm_mux:Mux13" CBX_FILE_NAME="mux_lpc.tdf"/>
		<CBX_INST_ENTRY INSTANCE_NAME="|SingleCycleCPU|registerFile:registerfile|lpm_mux:register_rtl_31" CBX_FILE_NAME="mux_kpc.tdf"/>
		<CBX_INST_ENTRY INSTANCE_NAME="|SingleCycleCPU|ALU:alu|lpm_mux:ShiftLeft0_rtl_115" CBX_FILE_NAME="mux_0oc.tdf"/>
		<CBX_INST_ENTRY INSTANCE_NAME="|SingleCycleCPU|ALU:alu|lpm_mux:ShiftLeft0_rtl_151" CBX_FILE_NAME="mux_0oc.tdf"/>
		<CBX_INST_ENTRY INSTANCE_NAME="|SingleCycleCPU|instructionMemory:ins|lpm_mux:Mux14" CBX_FILE_NAME="mux_lpc.tdf"/>
		<CBX_INST_ENTRY INSTANCE_NAME="|SingleCycleCPU|instructionMemory:ins|lpm_mux:Mux50" CBX_FILE_NAME="mux_lpc.tdf"/>
		<CBX_INST_ENTRY INSTANCE_NAME="|SingleCycleCPU|registerFile:registerfile|lpm_mux:register_rtl_32" CBX_FILE_NAME="mux_kpc.tdf"/>
		<CBX_INST_ENTRY INSTANCE_NAME="|SingleCycleCPU|ALU:alu|lpm_mux:ShiftLeft0_rtl_116" CBX_FILE_NAME="mux_0oc.tdf"/>
		<CBX_INST_ENTRY INSTANCE_NAME="|SingleCycleCPU|ALU:alu|lpm_mux:ShiftLeft0_rtl_152" CBX_FILE_NAME="mux_0oc.tdf"/>
		<CBX_INST_ENTRY INSTANCE_NAME="|SingleCycleCPU|instructionMemory:ins|lpm_mux:Mux15" CBX_FILE_NAME="mux_lpc.tdf"/>
		<CBX_INST_ENTRY INSTANCE_NAME="|SingleCycleCPU|instructionMemory:ins|lpm_mux:Mux51" CBX_FILE_NAME="mux_lpc.tdf"/>
		<CBX_INST_ENTRY INSTANCE_NAME="|SingleCycleCPU|registerFile:registerfile|lpm_mux:register_rtl_33" CBX_FILE_NAME="mux_kpc.tdf"/>
		<CBX_INST_ENTRY INSTANCE_NAME="|SingleCycleCPU|ALU:alu|lpm_mux:ShiftLeft0_rtl_117" CBX_FILE_NAME="mux_0oc.tdf"/>
		<CBX_INST_ENTRY INSTANCE_NAME="|SingleCycleCPU|ALU:alu|lpm_mux:ShiftLeft0_rtl_153" CBX_FILE_NAME="mux_0oc.tdf"/>
		<CBX_INST_ENTRY INSTANCE_NAME="|SingleCycleCPU|instructionMemory:ins|lpm_mux:Mux16" CBX_FILE_NAME="mux_lpc.tdf"/>
		<CBX_INST_ENTRY INSTANCE_NAME="|SingleCycleCPU|instructionMemory:ins|lpm_mux:Mux52" CBX_FILE_NAME="mux_lpc.tdf"/>
		<CBX_INST_ENTRY INSTANCE_NAME="|SingleCycleCPU|registerFile:registerfile|lpm_mux:register_rtl_34" CBX_FILE_NAME="mux_kpc.tdf"/>
		<CBX_INST_ENTRY INSTANCE_NAME="|SingleCycleCPU|ALU:alu|lpm_mux:ShiftLeft0_rtl_118" CBX_FILE_NAME="mux_0oc.tdf"/>
		<CBX_INST_ENTRY INSTANCE_NAME="|SingleCycleCPU|ALU:alu|lpm_mux:ShiftLeft0_rtl_154" CBX_FILE_NAME="mux_0oc.tdf"/>
		<CBX_INST_ENTRY INSTANCE_NAME="|SingleCycleCPU|instructionMemory:ins|lpm_mux:Mux17" CBX_FILE_NAME="mux_lpc.tdf"/>
		<CBX_INST_ENTRY INSTANCE_NAME="|SingleCycleCPU|instructionMemory:ins|lpm_mux:Mux53" CBX_FILE_NAME="mux_lpc.tdf"/>
		<CBX_INST_ENTRY INSTANCE_NAME="|SingleCycleCPU|registerFile:registerfile|lpm_mux:register_rtl_35" CBX_FILE_NAME="mux_kpc.tdf"/>
		<CBX_INST_ENTRY INSTANCE_NAME="|SingleCycleCPU|ALU:alu|lpm_mux:ShiftLeft0_rtl_119" CBX_FILE_NAME="mux_0oc.tdf"/>
		<CBX_INST_ENTRY INSTANCE_NAME="|SingleCycleCPU|ALU:alu|lpm_mux:ShiftLeft0_rtl_155" CBX_FILE_NAME="mux_0oc.tdf"/>
		<CBX_INST_ENTRY INSTANCE_NAME="|SingleCycleCPU|dataMemory:datamemory|lpm_mux:memory_rtl_90" CBX_FILE_NAME="mux_kpc.tdf"/>
		<CBX_INST_ENTRY INSTANCE_NAME="|SingleCycleCPU|instructionMemory:ins|lpm_mux:Mux18" CBX_FILE_NAME="mux_lpc.tdf"/>
		<CBX_INST_ENTRY INSTANCE_NAME="|SingleCycleCPU|instructionMemory:ins|lpm_mux:Mux54" CBX_FILE_NAME="mux_lpc.tdf"/>
		<CBX_INST_ENTRY INSTANCE_NAME="|SingleCycleCPU|registerFile:registerfile|lpm_mux:register_rtl_36" CBX_FILE_NAME="mux_kpc.tdf"/>
		<CBX_INST_ENTRY INSTANCE_NAME="|SingleCycleCPU|ALU:alu|lpm_mux:ShiftLeft0_rtl_156" CBX_FILE_NAME="mux_0oc.tdf"/>
		<CBX_INST_ENTRY INSTANCE_NAME="|SingleCycleCPU|dataMemory:datamemory|lpm_mux:memory_rtl_91" CBX_FILE_NAME="mux_kpc.tdf"/>
		<CBX_INST_ENTRY INSTANCE_NAME="|SingleCycleCPU|instructionMemory:ins|lpm_mux:Mux19" CBX_FILE_NAME="mux_lpc.tdf"/>
		<CBX_INST_ENTRY INSTANCE_NAME="|SingleCycleCPU|instructionMemory:ins|lpm_mux:Mux55" CBX_FILE_NAME="mux_lpc.tdf"/>
		<CBX_INST_ENTRY INSTANCE_NAME="|SingleCycleCPU|registerFile:registerfile|lpm_mux:register_rtl_37" CBX_FILE_NAME="mux_kpc.tdf"/>
		<CBX_INST_ENTRY INSTANCE_NAME="|SingleCycleCPU|ALU:alu|lpm_mux:ShiftLeft0_rtl_157" CBX_FILE_NAME="mux_0oc.tdf"/>
		<CBX_INST_ENTRY INSTANCE_NAME="|SingleCycleCPU|dataMemory:datamemory|lpm_mux:memory_rtl_92" CBX_FILE_NAME="mux_kpc.tdf"/>
		<CBX_INST_ENTRY INSTANCE_NAME="|SingleCycleCPU|instructionMemory:ins|lpm_mux:Mux56" CBX_FILE_NAME="mux_lpc.tdf"/>
		<CBX_INST_ENTRY INSTANCE_NAME="|SingleCycleCPU|registerFile:registerfile|lpm_mux:register_rtl_38" CBX_FILE_NAME="mux_kpc.tdf"/>
		<CBX_INST_ENTRY INSTANCE_NAME="|SingleCycleCPU|ALU:alu|lpm_mux:ShiftLeft0_rtl_158" CBX_FILE_NAME="mux_0oc.tdf"/>
		<CBX_INST_ENTRY INSTANCE_NAME="|SingleCycleCPU|dataMemory:datamemory|lpm_mux:memory_rtl_93" CBX_FILE_NAME="mux_kpc.tdf"/>
		<CBX_INST_ENTRY INSTANCE_NAME="|SingleCycleCPU|instructionMemory:ins|lpm_mux:Mux57" CBX_FILE_NAME="mux_lpc.tdf"/>
		<CBX_INST_ENTRY INSTANCE_NAME="|SingleCycleCPU|registerFile:registerfile|lpm_mux:register_rtl_39" CBX_FILE_NAME="mux_kpc.tdf"/>
		<CBX_INST_ENTRY INSTANCE_NAME="|SingleCycleCPU|ALU:alu|lpm_mux:ShiftLeft0_rtl_159" CBX_FILE_NAME="mux_0oc.tdf"/>
		<CBX_INST_ENTRY INSTANCE_NAME="|SingleCycleCPU|dataMemory:datamemory|lpm_mux:memory_rtl_94" CBX_FILE_NAME="mux_kpc.tdf"/>
		<CBX_INST_ENTRY INSTANCE_NAME="|SingleCycleCPU|instructionMemory:ins|lpm_mux:Mux58" CBX_FILE_NAME="mux_lpc.tdf"/>
		<CBX_INST_ENTRY INSTANCE_NAME="|SingleCycleCPU|dataMemory:datamemory|lpm_mux:memory_rtl_95" CBX_FILE_NAME="mux_kpc.tdf"/>
		<CBX_INST_ENTRY INSTANCE_NAME="|SingleCycleCPU|instructionMemory:ins|lpm_mux:Mux59" CBX_FILE_NAME="mux_lpc.tdf"/>
		<CBX_INST_ENTRY INSTANCE_NAME="|SingleCycleCPU|instructionMemory:ins|lpm_mux:Mux0" CBX_FILE_NAME="mux_lpc.tdf"/>
		<CBX_INST_ENTRY INSTANCE_NAME="|SingleCycleCPU|ALU:alu|lpm_mux:ShiftLeft0_rtl_120" CBX_FILE_NAME="mux_0oc.tdf"/>
		<CBX_INST_ENTRY INSTANCE_NAME="|SingleCycleCPU|instructionMemory:ins|lpm_mux:Mux1" CBX_FILE_NAME="mux_lpc.tdf"/>
		<CBX_INST_ENTRY INSTANCE_NAME="|SingleCycleCPU|ALU:alu|lpm_mux:ShiftLeft0_rtl_121" CBX_FILE_NAME="mux_0oc.tdf"/>
		<CBX_INST_ENTRY INSTANCE_NAME="|SingleCycleCPU|instructionMemory:ins|lpm_mux:Mux2" CBX_FILE_NAME="mux_lpc.tdf"/>
		<CBX_INST_ENTRY INSTANCE_NAME="|SingleCycleCPU|instructionMemory:ins|lpm_mux:Mux20" CBX_FILE_NAME="mux_lpc.tdf"/>
		<CBX_INST_ENTRY INSTANCE_NAME="|SingleCycleCPU|ALU:alu|lpm_mux:ShiftLeft0_rtl_122" CBX_FILE_NAME="mux_0oc.tdf"/>
		<CBX_INST_ENTRY INSTANCE_NAME="|SingleCycleCPU|instructionMemory:ins|lpm_mux:Mux21" CBX_FILE_NAME="mux_lpc.tdf"/>
		<CBX_INST_ENTRY INSTANCE_NAME="|SingleCycleCPU|instructionMemory:ins|lpm_mux:Mux3" CBX_FILE_NAME="mux_lpc.tdf"/>
		<CBX_INST_ENTRY INSTANCE_NAME="|SingleCycleCPU|ALU:alu|lpm_mux:ShiftLeft0_rtl_123" CBX_FILE_NAME="mux_0oc.tdf"/>
		<CBX_INST_ENTRY INSTANCE_NAME="|SingleCycleCPU|instructionMemory:ins|lpm_mux:Mux22" CBX_FILE_NAME="mux_lpc.tdf"/>
		<CBX_INST_ENTRY INSTANCE_NAME="|SingleCycleCPU|instructionMemory:ins|lpm_mux:Mux4" CBX_FILE_NAME="mux_lpc.tdf"/>
		<CBX_INST_ENTRY INSTANCE_NAME="|SingleCycleCPU|registerFile:registerfile|lpm_mux:register_rtl_40" CBX_FILE_NAME="mux_kpc.tdf"/>
		<CBX_INST_ENTRY INSTANCE_NAME="|SingleCycleCPU|ALU:alu|lpm_mux:ShiftLeft0_rtl_124" CBX_FILE_NAME="mux_0oc.tdf"/>
		<CBX_INST_ENTRY INSTANCE_NAME="|SingleCycleCPU|ALU:alu|lpm_mux:ShiftLeft0_rtl_160" CBX_FILE_NAME="mux_0oc.tdf"/>
		<CBX_INST_ENTRY INSTANCE_NAME="|SingleCycleCPU|instructionMemory:ins|lpm_mux:Mux23" CBX_FILE_NAME="mux_lpc.tdf"/>
		<CBX_INST_ENTRY INSTANCE_NAME="|SingleCycleCPU|instructionMemory:ins|lpm_mux:Mux5" CBX_FILE_NAME="mux_lpc.tdf"/>
		<CBX_INST_ENTRY INSTANCE_NAME="|SingleCycleCPU|registerFile:registerfile|lpm_mux:register_rtl_41" CBX_FILE_NAME="mux_kpc.tdf"/>
		<CBX_INST_ENTRY INSTANCE_NAME="|SingleCycleCPU|ALU:alu|lpm_mux:ShiftLeft0_rtl_125" CBX_FILE_NAME="mux_0oc.tdf"/>
		<CBX_INST_ENTRY INSTANCE_NAME="|SingleCycleCPU|ALU:alu|lpm_mux:ShiftLeft0_rtl_161" CBX_FILE_NAME="mux_0oc.tdf"/>
		<CBX_INST_ENTRY INSTANCE_NAME="|SingleCycleCPU|instructionMemory:ins|lpm_mux:Mux24" CBX_FILE_NAME="mux_lpc.tdf"/>
		<CBX_INST_ENTRY INSTANCE_NAME="|SingleCycleCPU|instructionMemory:ins|lpm_mux:Mux6" CBX_FILE_NAME="mux_lpc.tdf"/>
		<CBX_INST_ENTRY INSTANCE_NAME="|SingleCycleCPU|instructionMemory:ins|lpm_mux:Mux60" CBX_FILE_NAME="mux_lpc.tdf"/>
		<CBX_INST_ENTRY INSTANCE_NAME="|SingleCycleCPU|registerFile:registerfile|lpm_mux:register_rtl_42" CBX_FILE_NAME="mux_kpc.tdf"/>
		<CBX_INST_ENTRY INSTANCE_NAME="|SingleCycleCPU|ALU:alu|lpm_mux:ShiftLeft0_rtl_126" CBX_FILE_NAME="mux_0oc.tdf"/>
		<CBX_INST_ENTRY INSTANCE_NAME="|SingleCycleCPU|ALU:alu|lpm_mux:ShiftLeft0_rtl_162" CBX_FILE_NAME="mux_0oc.tdf"/>
		<CBX_INST_ENTRY INSTANCE_NAME="|SingleCycleCPU|instructionMemory:ins|lpm_mux:Mux25" CBX_FILE_NAME="mux_lpc.tdf"/>
		<CBX_INST_ENTRY INSTANCE_NAME="|SingleCycleCPU|instructionMemory:ins|lpm_mux:Mux7" CBX_FILE_NAME="mux_lpc.tdf"/>
		<CBX_INST_ENTRY INSTANCE_NAME="|SingleCycleCPU|registerFile:registerfile|lpm_mux:register_rtl_43" CBX_FILE_NAME="mux_kpc.tdf"/>
		<CBX_INST_ENTRY INSTANCE_NAME="|SingleCycleCPU|ALU:alu|lpm_mux:ShiftLeft0_rtl_127" CBX_FILE_NAME="mux_0oc.tdf"/>
		<CBX_INST_ENTRY INSTANCE_NAME="|SingleCycleCPU|ALU:alu|lpm_mux:ShiftLeft0_rtl_163" CBX_FILE_NAME="mux_0oc.tdf"/>
		<CBX_INST_ENTRY INSTANCE_NAME="|SingleCycleCPU|instructionMemory:ins|lpm_mux:Mux26" CBX_FILE_NAME="mux_lpc.tdf"/>
		<CBX_INST_ENTRY INSTANCE_NAME="|SingleCycleCPU|instructionMemory:ins|lpm_mux:Mux8" CBX_FILE_NAME="mux_lpc.tdf"/>
		<CBX_INST_ENTRY INSTANCE_NAME="|SingleCycleCPU|registerFile:registerfile|lpm_mux:register_rtl_44" CBX_FILE_NAME="mux_kpc.tdf"/>
	</PROJECT>
</LOG_ROOT>
